{"cameraMode":{"drawMode":0,"name":"Shaded","section":"Shading Mode"},"sceneLighting":true,"audioPlay":false,"sceneViewState":{"m_AlwaysRefresh":false,"showFog":true,"showSkybox":true,"showFlares":true,"showImageEffects":true,"showParticleSystems":true,"showVisualEffectGraphs":true,"m_FxEnabled":true},"in2DMode":false,"pivot":{"x":0.3243398368358612,"y":1.2449966669082642,"z":-0.11913979053497315},"rotation":{"x":-0.0031685165595263244,"y":0.9966816902160645,"z":-0.048187147825956348,"w":-0.06557603925466538},"size":0.929446280002594,"orthographic":false}