{"cameraMode":{"drawMode":0,"name":"Shaded","section":"Shading Mode"},"sceneLighting":true,"audioPlay":false,"sceneViewState":{"m_AlwaysRefresh":false,"showFog":true,"showSkybox":true,"showFlares":true,"showImageEffects":true,"showParticleSystems":true,"showVisualEffectGraphs":true,"m_FxEnabled":true},"in2DMode":false,"pivot":{"x":-11.042646408081055,"y":7.4093523025512699,"z":14.776660919189454},"rotation":{"x":0.03819951042532921,"y":0.7794333696365356,"z":0.04775344952940941,"w":-0.6234932541847229},"size":7.679451942443848,"orthographic":false}